workout_date,workout_type,title,notes,source_file,record_index,timestamp,elapsed_seconds,distance_m,heart_rate,power,cadence,speed,altitude,latitude,longitude
2026-05-10,training,Stretching and Yoga,Happy. Happy. Happy.,2026-05-10_11-02-13_hk_1778403733.fit,1,2026-05-10T09:03:00.000Z,0.000,,125,,,,,,
2026-05-10,training,Stretching and Yoga,Happy. Happy. Happy.,2026-05-10_11-02-13_hk_1778403733.fit,2,2026-05-10T09:03:02.000Z,2.000,,125,,,,,,
2026-05-10,training,Stretching and Yoga,Happy. Happy. Happy.,2026-05-10_11-02-13_hk_1778403733.fit,3,2026-05-10T09:03:04.000Z,4.000,,125,,,,,,
2026-05-10,training,Stretching and Yoga,Happy. Happy. Happy.,2026-05-10_11-02-13_hk_1778403733.fit,4,2026-05-10T09:03:05.000Z,5.000,,129,,,,,,
2026-05-10,training,Stretching and Yoga,Happy. Happy. Happy.,2026-05-10_11-02-13_hk_1778403733.fit,5,2026-05-10T09:03:07.000Z,7.000,,129,,,,,,
2026-05-10,training,Stretching and Yoga,Happy. Happy. Happy.,2026-05-10_11-02-13_hk_1778403733.fit,6,2026-05-10T09:03:09.000Z,9.000,,128,,,,,,
2026-05-10,training,Stretching and Yoga,Happy. Happy. Happy.,2026-05-10_11-02-13_hk_1778403733.fit,7,2026-05-10T09:03:12.000Z,12.000,,128,,,,,,
2026-05-10,training,Stretching and Yoga,Happy. Happy. Happy.,2026-05-10_11-02-13_hk_1778403733.fit,8,2026-05-10T09:03:15.000Z,15.000,,128,,,,,,
2026-05-10,training,Stretching and Yoga,Happy. Happy. Happy.,2026-05-10_11-02-13_hk_1778403733.fit,9,2026-05-10T09:03:17.000Z,17.000,,128,,,,,,
2026-05-10,training,Stretching and Yoga,Happy. Happy. Happy.,2026-05-10_11-02-13_hk_1778403733.fit,10,2026-05-10T09:03:20.000Z,20.000,,128,,,,,,
2026-05-10,training,Stretching and Yoga,Happy. Happy. Happy.,2026-05-10_11-02-13_hk_1778403733.fit,11,2026-05-10T09:03:21.000Z,21.000,,129,,,,,,
2026-05-10,training,Stretching and Yoga,Happy. Happy. Happy.,2026-05-10_11-02-13_hk_1778403733.fit,12,2026-05-10T09:03:22.000Z,22.000,,129,,,,,,
2026-05-10,training,Stretching and Yoga,Happy. Happy. Happy.,2026-05-10_11-02-13_hk_1778403733.fit,13,2026-05-10T09:03:25.000Z,25.000,,129,,,,,,
2026-05-10,training,Stretching and Yoga,Happy. Happy. Happy.,2026-05-10_11-02-13_hk_1778403733.fit,14,2026-05-10T09:03:27.000Z,27.000,,127,,,,,,
2026-05-10,training,Stretching and Yoga,Happy. Happy. Happy.,2026-05-10_11-02-13_hk_1778403733.fit,15,2026-05-10T09:03:30.000Z,30.000,,127,,,,,,
2026-05-10,training,Stretching and Yoga,Happy. Happy. Happy.,2026-05-10_11-02-13_hk_1778403733.fit,16,2026-05-10T09:03:32.000Z,32.000,,124,,,,,,
2026-05-10,training,Stretching and Yoga,Happy. Happy. Happy.,2026-05-10_11-02-13_hk_1778403733.fit,17,2026-05-10T09:03:35.000Z,35.000,,124,,,,,,
2026-05-10,training,Stretching and Yoga,Happy. Happy. Happy.,2026-05-10_11-02-13_hk_1778403733.fit,18,2026-05-10T09:03:38.000Z,38.000,,124,,,,,,
2026-05-10,training,Stretching and Yoga,Happy. Happy. Happy.,2026-05-10_11-02-13_hk_1778403733.fit,19,2026-05-10T09:03:40.000Z,40.000,,124,,,,,,
2026-05-10,training,Stretching and Yoga,Happy. Happy. Happy.,2026-05-10_11-02-13_hk_1778403733.fit,20,2026-05-10T09:03:41.000Z,41.000,,123,,,,,,
2026-05-10,training,Stretching and Yoga,Happy. Happy. Happy.,2026-05-10_11-02-13_hk_1778403733.fit,21,2026-05-10T09:03:43.000Z,43.000,,123,,,,,,
2026-05-10,training,Stretching and Yoga,Happy. Happy. Happy.,2026-05-10_11-02-13_hk_1778403733.fit,22,2026-05-10T09:03:45.000Z,45.000,,123,,,,,,
2026-05-10,training,Stretching and Yoga,Happy. Happy. Happy.,2026-05-10_11-02-13_hk_1778403733.fit,23,2026-05-10T09:03:46.000Z,46.000,,121,,,,,,
2026-05-10,training,Stretching and Yoga,Happy. Happy. Happy.,2026-05-10_11-02-13_hk_1778403733.fit,24,2026-05-10T09:03:48.000Z,48.000,,121,,,,,,
2026-05-10,training,Stretching and Yoga,Happy. Happy. Happy.,2026-05-10_11-02-13_hk_1778403733.fit,25,2026-05-10T09:03:50.000Z,50.000,,121,,,,,,
2026-05-10,training,Stretching and Yoga,Happy. Happy. Happy.,2026-05-10_11-02-13_hk_1778403733.fit,26,2026-05-10T09:03:51.000Z,51.000,,121,,,,,,
2026-05-10,training,Stretching and Yoga,Happy. Happy. Happy.,2026-05-10_11-02-13_hk_1778403733.fit,27,2026-05-10T09:03:53.000Z,53.000,,121,,,,,,
2026-05-10,training,Stretching and Yoga,Happy. Happy. Happy.,2026-05-10_11-02-13_hk_1778403733.fit,28,2026-05-10T09:03:56.000Z,56.000,,121,,,,,,
2026-05-10,training,Stretching and Yoga,Happy. Happy. Happy.,2026-05-10_11-02-13_hk_1778403733.fit,29,2026-05-10T09:03:58.000Z,58.000,,121,,,,,,
2026-05-10,training,Stretching and Yoga,Happy. Happy. Happy.,2026-05-10_11-02-13_hk_1778403733.fit,30,2026-05-10T09:03:59.000Z,59.000,,119,,,,,,
2026-05-10,training,Stretching and Yoga,Happy. Happy. Happy.,2026-05-10_11-02-13_hk_1778403733.fit,31,2026-05-10T09:04:01.000Z,61.000,,119,,,,,,
2026-05-10,training,Stretching and Yoga,Happy. Happy. Happy.,2026-05-10_11-02-13_hk_1778403733.fit,32,2026-05-10T09:04:03.000Z,63.000,,119,,,,,,
2026-05-10,training,Stretching and Yoga,Happy. Happy. Happy.,2026-05-10_11-02-13_hk_1778403733.fit,33,2026-05-10T09:04:06.000Z,66.000,,120,,,,,,
2026-05-10,training,Stretching and Yoga,Happy. Happy. Happy.,2026-05-10_11-02-13_hk_1778403733.fit,34,2026-05-10T09:04:08.000Z,68.000,,120,,,,,,
2026-05-10,training,Stretching and Yoga,Happy. Happy. Happy.,2026-05-10_11-02-13_hk_1778403733.fit,35,2026-05-10T09:04:11.000Z,71.000,,118,,,,,,
2026-05-10,training,Stretching and Yoga,Happy. Happy. Happy.,2026-05-10_11-02-13_hk_1778403733.fit,36,2026-05-10T09:04:13.000Z,73.000,,118,,,,,,
2026-05-10,training,Stretching and Yoga,Happy. Happy. Happy.,2026-05-10_11-02-13_hk_1778403733.fit,37,2026-05-10T09:04:16.000Z,76.000,,118,,,,,,
2026-05-10,training,Stretching and Yoga,Happy. Happy. Happy.,2026-05-10_11-02-13_hk_1778403733.fit,38,2026-05-10T09:04:19.000Z,79.000,,118,,,,,,
2026-05-10,training,Stretching and Yoga,Happy. Happy. Happy.,2026-05-10_11-02-13_hk_1778403733.fit,39,2026-05-10T09:04:21.000Z,81.000,,118,,,,,,
2026-05-10,training,Stretching and Yoga,Happy. Happy. Happy.,2026-05-10_11-02-13_hk_1778403733.fit,40,2026-05-10T09:04:22.000Z,82.000,,119,,,,,,
2026-05-10,training,Stretching and Yoga,Happy. Happy. Happy.,2026-05-10_11-02-13_hk_1778403733.fit,41,2026-05-10T09:04:24.000Z,84.000,,119,,,,,,
2026-05-10,training,Stretching and Yoga,Happy. Happy. Happy.,2026-05-10_11-02-13_hk_1778403733.fit,42,2026-05-10T09:04:26.000Z,86.000,,119,,,,,,
2026-05-10,training,Stretching and Yoga,Happy. Happy. Happy.,2026-05-10_11-02-13_hk_1778403733.fit,43,2026-05-10T09:04:28.000Z,88.000,,122,,,,,,
2026-05-10,training,Stretching and Yoga,Happy. Happy. Happy.,2026-05-10_11-02-13_hk_1778403733.fit,44,2026-05-10T09:04:29.000Z,89.000,,122,,,,,,
2026-05-10,training,Stretching and Yoga,Happy. Happy. Happy.,2026-05-10_11-02-13_hk_1778403733.fit,45,2026-05-10T09:04:31.000Z,91.000,,122,,,,,,
2026-05-10,training,Stretching and Yoga,Happy. Happy. Happy.,2026-05-10_11-02-13_hk_1778403733.fit,46,2026-05-10T09:04:34.000Z,94.000,,122,,,,,,
2026-05-10,training,Stretching and Yoga,Happy. Happy. Happy.,2026-05-10_11-02-13_hk_1778403733.fit,47,2026-05-10T09:04:35.000Z,95.000,,119,,,,,,
2026-05-10,training,Stretching and Yoga,Happy. Happy. Happy.,2026-05-10_11-02-13_hk_1778403733.fit,48,2026-05-10T09:04:36.000Z,96.000,,119,,,,,,
2026-05-10,training,Stretching and Yoga,Happy. Happy. Happy.,2026-05-10_11-02-13_hk_1778403733.fit,49,2026-05-10T09:04:39.000Z,99.000,,119,,,,,,
2026-05-10,training,Stretching and Yoga,Happy. Happy. Happy.,2026-05-10_11-02-13_hk_1778403733.fit,50,2026-05-10T09:04:40.000Z,100.000,,121,,,,,,
2026-05-10,training,Stretching and Yoga,Happy. Happy. Happy.,2026-05-10_11-02-13_hk_1778403733.fit,51,2026-05-10T09:04:42.000Z,102.000,,121,,,,,,
2026-05-10,training,Stretching and Yoga,Happy. Happy. Happy.,2026-05-10_11-02-13_hk_1778403733.fit,52,2026-05-10T09:04:43.000Z,103.000,,120,,,,,,
2026-05-10,training,Stretching and Yoga,Happy. Happy. Happy.,2026-05-10_11-02-13_hk_1778403733.fit,53,2026-05-10T09:04:44.000Z,104.000,,120,,,,,,
2026-05-10,training,Stretching and Yoga,Happy. Happy. Happy.,2026-05-10_11-02-13_hk_1778403733.fit,54,2026-05-10T09:04:47.000Z,107.000,,120,,,,,,
2026-05-10,training,Stretching and Yoga,Happy. Happy. Happy.,2026-05-10_11-02-13_hk_1778403733.fit,55,2026-05-10T09:04:49.000Z,109.000,,120,,,,,,
2026-05-10,training,Stretching and Yoga,Happy. Happy. Happy.,2026-05-10_11-02-13_hk_1778403733.fit,56,2026-05-10T09:04:50.000Z,110.000,,126,,,,,,
2026-05-10,training,Stretching and Yoga,Happy. Happy. Happy.,2026-05-10_11-02-13_hk_1778403733.fit,57,2026-05-10T09:04:52.000Z,112.000,,127,,,,,,
2026-05-10,training,Stretching and Yoga,Happy. Happy. Happy.,2026-05-10_11-02-13_hk_1778403733.fit,58,2026-05-10T09:04:54.000Z,114.000,,127,,,,,,
2026-05-10,training,Stretching and Yoga,Happy. Happy. Happy.,2026-05-10_11-02-13_hk_1778403733.fit,59,2026-05-10T09:04:56.000Z,116.000,,126,,,,,,
2026-05-10,training,Stretching and Yoga,Happy. Happy. Happy.,2026-05-10_11-02-13_hk_1778403733.fit,60,2026-05-10T09:04:57.000Z,117.000,,126,,,,,,
2026-05-10,training,Stretching and Yoga,Happy. Happy. Happy.,2026-05-10_11-02-13_hk_1778403733.fit,61,2026-05-10T09:05:00.000Z,120.000,,126,,,,,,
2026-05-10,training,Stretching and Yoga,Happy. Happy. Happy.,2026-05-10_11-02-13_hk_1778403733.fit,62,2026-05-10T09:05:01.000Z,121.000,,125,,,,,,
2026-05-10,training,Stretching and Yoga,Happy. Happy. Happy.,2026-05-10_11-02-13_hk_1778403733.fit,63,2026-05-10T09:05:02.000Z,122.000,,125,,,,,,
2026-05-10,training,Stretching and Yoga,Happy. Happy. Happy.,2026-05-10_11-02-13_hk_1778403733.fit,64,2026-05-10T09:05:05.000Z,125.000,,125,,,,,,
2026-05-10,training,Stretching and Yoga,Happy. Happy. Happy.,2026-05-10_11-02-13_hk_1778403733.fit,65,2026-05-10T09:05:06.000Z,126.000,,126,,,,,,
2026-05-10,training,Stretching and Yoga,Happy. Happy. Happy.,2026-05-10_11-02-13_hk_1778403733.fit,66,2026-05-10T09:05:07.000Z,127.000,,126,,,,,,
2026-05-10,training,Stretching and Yoga,Happy. Happy. Happy.,2026-05-10_11-02-13_hk_1778403733.fit,67,2026-05-10T09:05:10.000Z,130.000,,126,,,,,,
2026-05-10,training,Stretching and Yoga,Happy. Happy. Happy.,2026-05-10_11-02-13_hk_1778403733.fit,68,2026-05-10T09:05:11.000Z,131.000,,127,,,,,,
2026-05-10,training,Stretching and Yoga,Happy. Happy. Happy.,2026-05-10_11-02-13_hk_1778403733.fit,69,2026-05-10T09:05:12.000Z,132.000,,127,,,,,,
2026-05-10,training,Stretching and Yoga,Happy. Happy. Happy.,2026-05-10_11-02-13_hk_1778403733.fit,70,2026-05-10T09:05:15.000Z,135.000,,127,,,,,,
2026-05-10,training,Stretching and Yoga,Happy. Happy. Happy.,2026-05-10_11-02-13_hk_1778403733.fit,71,2026-05-10T09:05:16.000Z,136.000,,129,,,,,,
2026-05-10,training,Stretching and Yoga,Happy. Happy. Happy.,2026-05-10_11-02-13_hk_1778403733.fit,72,2026-05-10T09:05:17.000Z,137.000,,129,,,,,,
2026-05-10,training,Stretching and Yoga,Happy. Happy. Happy.,2026-05-10_11-02-13_hk_1778403733.fit,73,2026-05-10T09:05:20.000Z,140.000,,129,,,,,,
2026-05-10,training,Stretching and Yoga,Happy. Happy. Happy.,2026-05-10_11-02-13_hk_1778403733.fit,74,2026-05-10T09:05:23.000Z,143.000,,129,,,,,,
2026-05-10,training,Stretching and Yoga,Happy. Happy. Happy.,2026-05-10_11-02-13_hk_1778403733.fit,75,2026-05-10T09:05:25.000Z,145.000,,142,,,,,,
2026-05-10,training,Stretching and Yoga,Happy. Happy. Happy.,2026-05-10_11-02-13_hk_1778403733.fit,76,2026-05-10T09:05:28.000Z,148.000,,142,,,,,,
2026-05-10,training,Stretching and Yoga,Happy. Happy. Happy.,2026-05-10_11-02-13_hk_1778403733.fit,77,2026-05-10T09:05:30.000Z,150.000,,141,,,,,,
2026-05-10,training,Stretching and Yoga,Happy. Happy. Happy.,2026-05-10_11-02-13_hk_1778403733.fit,78,2026-05-10T09:05:31.000Z,151.000,,141,,,,,,
2026-05-10,training,Stretching and Yoga,Happy. Happy. Happy.,2026-05-10_11-02-13_hk_1778403733.fit,79,2026-05-10T09:05:33.000Z,153.000,,141,,,,,,
2026-05-10,training,Stretching and Yoga,Happy. Happy. Happy.,2026-05-10_11-02-13_hk_1778403733.fit,80,2026-05-10T09:05:35.000Z,155.000,,141,,,,,,
2026-05-10,training,Stretching and Yoga,Happy. Happy. Happy.,2026-05-10_11-02-13_hk_1778403733.fit,81,2026-05-10T09:05:37.000Z,157.000,,142,,,,,,
2026-05-10,training,Stretching and Yoga,Happy. Happy. Happy.,2026-05-10_11-02-13_hk_1778403733.fit,82,2026-05-10T09:05:38.000Z,158.000,,142,,,,,,
2026-05-10,training,Stretching and Yoga,Happy. Happy. Happy.,2026-05-10_11-02-13_hk_1778403733.fit,83,2026-05-10T09:05:40.000Z,160.000,,142,,,,,,
2026-05-10,training,Stretching and Yoga,Happy. Happy. Happy.,2026-05-10_11-02-13_hk_1778403733.fit,84,2026-05-10T09:05:42.000Z,162.000,,140,,,,,,
2026-05-10,training,Stretching and Yoga,Happy. Happy. Happy.,2026-05-10_11-02-13_hk_1778403733.fit,85,2026-05-10T09:05:43.000Z,163.000,,140,,,,,,
2026-05-10,training,Stretching and Yoga,Happy. Happy. Happy.,2026-05-10_11-02-13_hk_1778403733.fit,86,2026-05-10T09:05:46.000Z,166.000,,140,,,,,,
2026-05-10,training,Stretching and Yoga,Happy. Happy. Happy.,2026-05-10_11-02-13_hk_1778403733.fit,87,2026-05-10T09:05:48.000Z,168.000,,140,,,,,,
2026-05-10,training,Stretching and Yoga,Happy. Happy. Happy.,2026-05-10_11-02-13_hk_1778403733.fit,88,2026-05-10T09:05:51.000Z,171.000,,140,,,,,,
2026-05-10,training,Stretching and Yoga,Happy. Happy. Happy.,2026-05-10_11-02-13_hk_1778403733.fit,89,2026-05-10T09:05:53.000Z,173.000,,140,,,,,,
2026-05-10,training,Stretching and Yoga,Happy. Happy. Happy.,2026-05-10_11-02-13_hk_1778403733.fit,90,2026-05-10T09:05:55.000Z,175.000,,137,,,,,,
2026-05-10,training,Stretching and Yoga,Happy. Happy. Happy.,2026-05-10_11-02-13_hk_1778403733.fit,91,2026-05-10T09:05:56.000Z,176.000,,137,,,,,,
2026-05-10,training,Stretching and Yoga,Happy. Happy. Happy.,2026-05-10_11-02-13_hk_1778403733.fit,92,2026-05-10T09:05:58.000Z,178.000,,137,,,,,,
2026-05-10,training,Stretching and Yoga,Happy. Happy. Happy.,2026-05-10_11-02-13_hk_1778403733.fit,93,2026-05-10T09:05:59.000Z,179.000,,137,,,,,,
2026-05-10,training,Stretching and Yoga,Happy. Happy. Happy.,2026-05-10_11-02-13_hk_1778403733.fit,94,2026-05-10T09:06:01.000Z,181.000,,136,,,,,,
2026-05-10,training,Stretching and Yoga,Happy. Happy. Happy.,2026-05-10_11-02-13_hk_1778403733.fit,95,2026-05-10T09:06:04.000Z,184.000,,136,,,,,,
2026-05-10,training,Stretching and Yoga,Happy. Happy. Happy.,2026-05-10_11-02-13_hk_1778403733.fit,96,2026-05-10T09:06:06.000Z,186.000,,136,,,,,,
2026-05-10,training,Stretching and Yoga,Happy. Happy. Happy.,2026-05-10_11-02-13_hk_1778403733.fit,97,2026-05-10T09:06:07.000Z,187.000,,135,,,,,,
2026-05-10,training,Stretching and Yoga,Happy. Happy. Happy.,2026-05-10_11-02-13_hk_1778403733.fit,98,2026-05-10T09:06:09.000Z,189.000,,135,,,,,,
2026-05-10,training,Stretching and Yoga,Happy. Happy. Happy.,2026-05-10_11-02-13_hk_1778403733.fit,99,2026-05-10T09:06:11.000Z,191.000,,135,,,,,,
2026-05-10,training,Stretching and Yoga,Happy. Happy. Happy.,2026-05-10_11-02-13_hk_1778403733.fit,100,2026-05-10T09:06:14.000Z,194.000,,135,,,,,,
2026-05-10,training,Stretching and Yoga,Happy. Happy. Happy.,2026-05-10_11-02-13_hk_1778403733.fit,101,2026-05-10T09:06:15.000Z,195.000,,136,,,,,,
2026-05-10,training,Stretching and Yoga,Happy. Happy. Happy.,2026-05-10_11-02-13_hk_1778403733.fit,102,2026-05-10T09:06:16.000Z,196.000,,136,,,,,,
2026-05-10,training,Stretching and Yoga,Happy. Happy. Happy.,2026-05-10_11-02-13_hk_1778403733.fit,103,2026-05-10T09:06:18.000Z,198.000,,135,,,,,,
2026-05-10,training,Stretching and Yoga,Happy. Happy. Happy.,2026-05-10_11-02-13_hk_1778403733.fit,104,2026-05-10T09:06:19.000Z,199.000,,135,,,,,,
2026-05-10,training,Stretching and Yoga,Happy. Happy. Happy.,2026-05-10_11-02-13_hk_1778403733.fit,105,2026-05-10T09:06:21.000Z,201.000,,135,,,,,,
2026-05-10,training,Stretching and Yoga,Happy. Happy. Happy.,2026-05-10_11-02-13_hk_1778403733.fit,106,2026-05-10T09:06:24.000Z,204.000,,135,,,,,,
2026-05-10,training,Stretching and Yoga,Happy. Happy. Happy.,2026-05-10_11-02-13_hk_1778403733.fit,107,2026-05-10T09:06:26.000Z,206.000,,133,,,,,,
2026-05-10,training,Stretching and Yoga,Happy. Happy. Happy.,2026-05-10_11-02-13_hk_1778403733.fit,108,2026-05-10T09:06:27.000Z,207.000,,133,,,,,,
2026-05-10,training,Stretching and Yoga,Happy. Happy. Happy.,2026-05-10_11-02-13_hk_1778403733.fit,109,2026-05-10T09:06:29.000Z,209.000,,133,,,,,,
2026-05-10,training,Stretching and Yoga,Happy. Happy. Happy.,2026-05-10_11-02-13_hk_1778403733.fit,110,2026-05-10T09:06:32.000Z,212.000,,133,,,,,,
2026-05-10,training,Stretching and Yoga,Happy. Happy. Happy.,2026-05-10_11-02-13_hk_1778403733.fit,111,2026-05-10T09:06:34.000Z,214.000,,133,,,,,,
2026-05-10,training,Stretching and Yoga,Happy. Happy. Happy.,2026-05-10_11-02-13_hk_1778403733.fit,112,2026-05-10T09:06:35.000Z,215.000,,132,,,,,,
2026-05-10,training,Stretching and Yoga,Happy. Happy. Happy.,2026-05-10_11-02-13_hk_1778403733.fit,113,2026-05-10T09:06:37.000Z,217.000,,132,,,,,,
2026-05-10,training,Stretching and Yoga,Happy. Happy. Happy.,2026-05-10_11-02-13_hk_1778403733.fit,114,2026-05-10T09:06:39.000Z,219.000,,132,,,,,,
2026-05-10,training,Stretching and Yoga,Happy. Happy. Happy.,2026-05-10_11-02-13_hk_1778403733.fit,115,2026-05-10T09:06:41.000Z,221.000,,131,,,,,,
2026-05-10,training,Stretching and Yoga,Happy. Happy. Happy.,2026-05-10_11-02-13_hk_1778403733.fit,116,2026-05-10T09:06:42.000Z,222.000,,131,,,,,,
2026-05-10,training,Stretching and Yoga,Happy. Happy. Happy.,2026-05-10_11-02-13_hk_1778403733.fit,117,2026-05-10T09:06:44.000Z,224.000,,131,,,,,,
2026-05-10,training,Stretching and Yoga,Happy. Happy. Happy.,2026-05-10_11-02-13_hk_1778403733.fit,118,2026-05-10T09:06:46.000Z,226.000,,131,,,,,,
2026-05-10,training,Stretching and Yoga,Happy. Happy. Happy.,2026-05-10_11-02-13_hk_1778403733.fit,119,2026-05-10T09:06:47.000Z,227.000,,131,,,,,,
2026-05-10,training,Stretching and Yoga,Happy. Happy. Happy.,2026-05-10_11-02-13_hk_1778403733.fit,120,2026-05-10T09:06:50.000Z,230.000,,131,,,,,,
2026-05-10,training,Stretching and Yoga,Happy. Happy. Happy.,2026-05-10_11-02-13_hk_1778403733.fit,121,2026-05-10T09:06:52.000Z,232.000,,131,,,,,,
2026-05-10,training,Stretching and Yoga,Happy. Happy. Happy.,2026-05-10_11-02-13_hk_1778403733.fit,122,2026-05-10T09:06:55.000Z,235.000,,134,,,,,,
2026-05-10,training,Stretching and Yoga,Happy. Happy. Happy.,2026-05-10_11-02-13_hk_1778403733.fit,123,2026-05-10T09:06:57.000Z,237.000,,134,,,,,,
2026-05-10,training,Stretching and Yoga,Happy. Happy. Happy.,2026-05-10_11-02-13_hk_1778403733.fit,124,2026-05-10T09:07:00.000Z,240.000,,133,,,,,,
2026-05-10,training,Stretching and Yoga,Happy. Happy. Happy.,2026-05-10_11-02-13_hk_1778403733.fit,125,2026-05-10T09:07:02.000Z,242.000,,133,,,,,,
2026-05-10,training,Stretching and Yoga,Happy. Happy. Happy.,2026-05-10_11-02-13_hk_1778403733.fit,126,2026-05-10T09:07:04.000Z,244.000,,131,,,,,,
2026-05-10,training,Stretching and Yoga,Happy. Happy. Happy.,2026-05-10_11-02-13_hk_1778403733.fit,127,2026-05-10T09:07:05.000Z,245.000,,131,,,,,,
2026-05-10,training,Stretching and Yoga,Happy. Happy. Happy.,2026-05-10_11-02-13_hk_1778403733.fit,128,2026-05-10T09:07:07.000Z,247.000,,131,,,,,,
2026-05-10,training,Stretching and Yoga,Happy. Happy. Happy.,2026-05-10_11-02-13_hk_1778403733.fit,129,2026-05-10T09:07:08.000Z,248.000,,131,,,,,,
2026-05-10,training,Stretching and Yoga,Happy. Happy. Happy.,2026-05-10_11-02-13_hk_1778403733.fit,130,2026-05-10T09:07:10.000Z,250.000,,131,,,,,,
2026-05-10,training,Stretching and Yoga,Happy. Happy. Happy.,2026-05-10_11-02-13_hk_1778403733.fit,131,2026-05-10T09:07:13.000Z,253.000,,131,,,,,,
2026-05-10,training,Stretching and Yoga,Happy. Happy. Happy.,2026-05-10_11-02-13_hk_1778403733.fit,132,2026-05-10T09:07:15.000Z,255.000,,131,,,,,,
2026-05-10,training,Stretching and Yoga,Happy. Happy. Happy.,2026-05-10_11-02-13_hk_1778403733.fit,133,2026-05-10T09:07:18.000Z,258.000,,131,,,,,,
2026-05-10,training,Stretching and Yoga,Happy. Happy. Happy.,2026-05-10_11-02-13_hk_1778403733.fit,134,2026-05-10T09:07:20.000Z,260.000,,130,,,,,,
2026-05-10,training,Stretching and Yoga,Happy. Happy. Happy.,2026-05-10_11-02-13_hk_1778403733.fit,135,2026-05-10T09:07:22.000Z,262.000,,130,,,,,,
2026-05-10,training,Stretching and Yoga,Happy. Happy. Happy.,2026-05-10_11-02-13_hk_1778403733.fit,136,2026-05-10T09:07:23.000Z,263.000,,130,,,,,,
2026-05-10,training,Stretching and Yoga,Happy. Happy. Happy.,2026-05-10_11-02-13_hk_1778403733.fit,137,2026-05-10T09:07:25.000Z,265.000,,130,,,,,,
2026-05-10,training,Stretching and Yoga,Happy. Happy. Happy.,2026-05-10_11-02-13_hk_1778403733.fit,138,2026-05-10T09:07:27.000Z,267.000,,129,,,,,,
2026-05-10,training,Stretching and Yoga,Happy. Happy. Happy.,2026-05-10_11-02-13_hk_1778403733.fit,139,2026-05-10T09:07:28.000Z,268.000,,129,,,,,,
2026-05-10,training,Stretching and Yoga,Happy. Happy. Happy.,2026-05-10_11-02-13_hk_1778403733.fit,140,2026-05-10T09:07:31.000Z,271.000,,128,,,,,,
2026-05-10,training,Stretching and Yoga,Happy. Happy. Happy.,2026-05-10_11-02-13_hk_1778403733.fit,141,2026-05-10T09:07:33.000Z,273.000,,128,,,,,,
2026-05-10,training,Stretching and Yoga,Happy. Happy. Happy.,2026-05-10_11-02-13_hk_1778403733.fit,142,2026-05-10T09:07:36.000Z,276.000,,128,,,,,,
2026-05-10,training,Stretching and Yoga,Happy. Happy. Happy.,2026-05-10_11-02-13_hk_1778403733.fit,143,2026-05-10T09:07:38.000Z,278.000,,128,,,,,,
2026-05-10,training,Stretching and Yoga,Happy. Happy. Happy.,2026-05-10_11-02-13_hk_1778403733.fit,144,2026-05-10T09:07:41.000Z,281.000,,128,,,,,,
2026-05-10,training,Stretching and Yoga,Happy. Happy. Happy.,2026-05-10_11-02-13_hk_1778403733.fit,145,2026-05-10T09:07:43.000Z,283.000,,128,,,,,,
2026-05-10,training,Stretching and Yoga,Happy. Happy. Happy.,2026-05-10_11-02-13_hk_1778403733.fit,146,2026-05-10T09:07:45.000Z,285.000,,131,,,,,,
2026-05-10,training,Stretching and Yoga,Happy. Happy. Happy.,2026-05-10_11-02-13_hk_1778403733.fit,147,2026-05-10T09:07:46.000Z,286.000,,131,,,,,,
2026-05-10,training,Stretching and Yoga,Happy. Happy. Happy.,2026-05-10_11-02-13_hk_1778403733.fit,148,2026-05-10T09:07:48.000Z,288.000,,131,,,,,,
2026-05-10,training,Stretching and Yoga,Happy. Happy. Happy.,2026-05-10_11-02-13_hk_1778403733.fit,149,2026-05-10T09:07:49.000Z,289.000,,132,,,,,,
2026-05-10,training,Stretching and Yoga,Happy. Happy. Happy.,2026-05-10_11-02-13_hk_1778403733.fit,150,2026-05-10T09:07:51.000Z,291.000,,132,,,,,,
2026-05-10,training,Stretching and Yoga,Happy. Happy. Happy.,2026-05-10_11-02-13_hk_1778403733.fit,151,2026-05-10T09:07:53.000Z,293.000,,132,,,,,,
2026-05-10,training,Stretching and Yoga,Happy. Happy. Happy.,2026-05-10_11-02-13_hk_1778403733.fit,152,2026-05-10T09:07:54.000Z,294.000,,132,,,,,,
2026-05-10,training,Stretching and Yoga,Happy. Happy. Happy.,2026-05-10_11-02-13_hk_1778403733.fit,153,2026-05-10T09:07:56.000Z,296.000,,133,,,,,,
2026-05-10,training,Stretching and Yoga,Happy. Happy. Happy.,2026-05-10_11-02-13_hk_1778403733.fit,154,2026-05-10T09:07:59.000Z,299.000,,133,,,,,,
2026-05-10,training,Stretching and Yoga,Happy. Happy. Happy.,2026-05-10_11-02-13_hk_1778403733.fit,155,2026-05-10T09:08:01.000Z,301.000,,133,,,,,,
2026-05-10,training,Stretching and Yoga,Happy. Happy. Happy.,2026-05-10_11-02-13_hk_1778403733.fit,156,2026-05-10T09:08:04.000Z,304.000,,133,,,,,,
2026-05-10,training,Stretching and Yoga,Happy. Happy. Happy.,2026-05-10_11-02-13_hk_1778403733.fit,157,2026-05-10T09:08:05.000Z,305.000,,133,,,,,,
2026-05-10,training,Stretching and Yoga,Happy. Happy. Happy.,2026-05-10_11-02-13_hk_1778403733.fit,158,2026-05-10T09:08:06.000Z,306.000,,133,,,,,,
2026-05-10,training,Stretching and Yoga,Happy. Happy. Happy.,2026-05-10_11-02-13_hk_1778403733.fit,159,2026-05-10T09:08:08.000Z,308.000,,133,,,,,,
2026-05-10,training,Stretching and Yoga,Happy. Happy. Happy.,2026-05-10_11-02-13_hk_1778403733.fit,160,2026-05-10T09:08:09.000Z,309.000,,133,,,,,,
2026-05-10,training,Stretching and Yoga,Happy. Happy. Happy.,2026-05-10_11-02-13_hk_1778403733.fit,161,2026-05-10T09:08:11.000Z,311.000,,133,,,,,,
2026-05-10,training,Stretching and Yoga,Happy. Happy. Happy.,2026-05-10_11-02-13_hk_1778403733.fit,162,2026-05-10T09:08:12.000Z,312.000,,133,,,,,,
2026-05-10,training,Stretching and Yoga,Happy. Happy. Happy.,2026-05-10_11-02-13_hk_1778403733.fit,163,2026-05-10T09:08:14.000Z,314.000,,133,,,,,,
2026-05-10,training,Stretching and Yoga,Happy. Happy. Happy.,2026-05-10_11-02-13_hk_1778403733.fit,164,2026-05-10T09:08:17.000Z,317.000,,133,,,,,,
2026-05-10,training,Stretching and Yoga,Happy. Happy. Happy.,2026-05-10_11-02-13_hk_1778403733.fit,165,2026-05-10T09:08:19.000Z,319.000,,133,,,,,,
2026-05-10,training,Stretching and Yoga,Happy. Happy. Happy.,2026-05-10_11-02-13_hk_1778403733.fit,166,2026-05-10T09:08:20.000Z,320.000,,138,,,,,,
2026-05-10,training,Stretching and Yoga,Happy. Happy. Happy.,2026-05-10_11-02-13_hk_1778403733.fit,167,2026-05-10T09:08:22.000Z,322.000,,138,,,,,,
2026-05-10,training,Stretching and Yoga,Happy. Happy. Happy.,2026-05-10_11-02-13_hk_1778403733.fit,168,2026-05-10T09:08:24.000Z,324.000,,138,,,,,,
2026-05-10,training,Stretching and Yoga,Happy. Happy. Happy.,2026-05-10_11-02-13_hk_1778403733.fit,169,2026-05-10T09:08:25.000Z,325.000,,138,,,,,,
2026-05-10,training,Stretching and Yoga,Happy. Happy. Happy.,2026-05-10_11-02-13_hk_1778403733.fit,170,2026-05-10T09:08:27.000Z,327.000,,138,,,,,,
2026-05-10,training,Stretching and Yoga,Happy. Happy. Happy.,2026-05-10_11-02-13_hk_1778403733.fit,171,2026-05-10T09:08:28.000Z,328.000,,140,,,,,,
2026-05-10,training,Stretching and Yoga,Happy. Happy. Happy.,2026-05-10_11-02-13_hk_1778403733.fit,172,2026-05-10T09:08:29.000Z,329.000,,140,,,,,,
2026-05-10,training,Stretching and Yoga,Happy. Happy. Happy.,2026-05-10_11-02-13_hk_1778403733.fit,173,2026-05-10T09:08:32.000Z,332.000,,140,,,,,,
2026-05-10,training,Stretching and Yoga,Happy. Happy. Happy.,2026-05-10_11-02-13_hk_1778403733.fit,174,2026-05-10T09:08:33.000Z,333.000,,136,,,,,,
2026-05-10,training,Stretching and Yoga,Happy. Happy. Happy.,2026-05-10_11-02-13_hk_1778403733.fit,175,2026-05-10T09:08:35.000Z,335.000,,136,,,,,,
2026-05-10,training,Stretching and Yoga,Happy. Happy. Happy.,2026-05-10_11-02-13_hk_1778403733.fit,176,2026-05-10T09:08:37.000Z,337.000,,136,,,,,,
2026-05-10,training,Stretching and Yoga,Happy. Happy. Happy.,2026-05-10_11-02-13_hk_1778403733.fit,177,2026-05-10T09:08:40.000Z,340.000,,132,,,,,,
2026-05-10,training,Stretching and Yoga,Happy. Happy. Happy.,2026-05-10_11-02-13_hk_1778403733.fit,178,2026-05-10T09:08:41.000Z,341.000,,131,,,,,,
2026-05-10,training,Stretching and Yoga,Happy. Happy. Happy.,2026-05-10_11-02-13_hk_1778403733.fit,179,2026-05-10T09:08:42.000Z,342.000,,131,,,,,,
2026-05-10,training,Stretching and Yoga,Happy. Happy. Happy.,2026-05-10_11-02-13_hk_1778403733.fit,180,2026-05-10T09:08:45.000Z,345.000,,131,,,,,,
2026-05-10,training,Stretching and Yoga,Happy. Happy. Happy.,2026-05-10_11-02-13_hk_1778403733.fit,181,2026-05-10T09:08:46.000Z,346.000,,129,,,,,,
2026-05-10,training,Stretching and Yoga,Happy. Happy. Happy.,2026-05-10_11-02-13_hk_1778403733.fit,182,2026-05-10T09:08:47.000Z,347.000,,129,,,,,,
2026-05-10,training,Stretching and Yoga,Happy. Happy. Happy.,2026-05-10_11-02-13_hk_1778403733.fit,183,2026-05-10T09:08:50.000Z,350.000,,129,,,,,,
2026-05-10,training,Stretching and Yoga,Happy. Happy. Happy.,2026-05-10_11-02-13_hk_1778403733.fit,184,2026-05-10T09:08:52.000Z,352.000,,129,,,,,,
2026-05-10,training,Stretching and Yoga,Happy. Happy. Happy.,2026-05-10_11-02-13_hk_1778403733.fit,185,2026-05-10T09:08:55.000Z,355.000,,125,,,,,,
2026-05-10,training,Stretching and Yoga,Happy. Happy. Happy.,2026-05-10_11-02-13_hk_1778403733.fit,186,2026-05-10T09:08:56.000Z,356.000,,125,,,,,,
2026-05-10,training,Stretching and Yoga,Happy. Happy. Happy.,2026-05-10_11-02-13_hk_1778403733.fit,187,2026-05-10T09:08:58.000Z,358.000,,125,,,,,,
2026-05-10,training,Stretching and Yoga,Happy. Happy. Happy.,2026-05-10_11-02-13_hk_1778403733.fit,188,2026-05-10T09:09:00.000Z,360.000,,125,,,,,,
2026-05-10,training,Stretching and Yoga,Happy. Happy. Happy.,2026-05-10_11-02-13_hk_1778403733.fit,189,2026-05-10T09:09:03.000Z,363.000,,125,,,,,,
2026-05-10,training,Stretching and Yoga,Happy. Happy. Happy.,2026-05-10_11-02-13_hk_1778403733.fit,190,2026-05-10T09:09:04.000Z,364.000,,116,,,,,,
2026-05-10,training,Stretching and Yoga,Happy. Happy. Happy.,2026-05-10_11-02-13_hk_1778403733.fit,191,2026-05-10T09:09:05.000Z,365.000,,116,,,,,,
2026-05-10,training,Stretching and Yoga,Happy. Happy. Happy.,2026-05-10_11-02-13_hk_1778403733.fit,192,2026-05-10T09:09:08.000Z,368.000,,116,,,,,,
2026-05-10,training,Stretching and Yoga,Happy. Happy. Happy.,2026-05-10_11-02-13_hk_1778403733.fit,193,2026-05-10T09:09:09.000Z,369.000,,121,,,,,,
2026-05-10,training,Stretching and Yoga,Happy. Happy. Happy.,2026-05-10_11-02-13_hk_1778403733.fit,194,2026-05-10T09:09:10.000Z,370.000,,121,,,,,,
2026-05-10,training,Stretching and Yoga,Happy. Happy. Happy.,2026-05-10_11-02-13_hk_1778403733.fit,195,2026-05-10T09:09:11.000Z,371.000,,123,,,,,,
2026-05-10,training,Stretching and Yoga,Happy. Happy. Happy.,2026-05-10_11-02-13_hk_1778403733.fit,196,2026-05-10T09:09:13.000Z,373.000,,123,,,,,,
2026-05-10,training,Stretching and Yoga,Happy. Happy. Happy.,2026-05-10_11-02-13_hk_1778403733.fit,197,2026-05-10T09:09:16.000Z,376.000,,123,,,,,,
2026-05-10,training,Stretching and Yoga,Happy. Happy. Happy.,2026-05-10_11-02-13_hk_1778403733.fit,198,2026-05-10T09:09:18.000Z,378.000,,123,,,,,,
2026-05-10,training,Stretching and Yoga,Happy. Happy. Happy.,2026-05-10_11-02-13_hk_1778403733.fit,199,2026-05-10T09:09:20.000Z,380.000,,129,,,,,,
2026-05-10,training,Stretching and Yoga,Happy. Happy. Happy.,2026-05-10_11-02-13_hk_1778403733.fit,200,2026-05-10T09:09:21.000Z,381.000,,129,,,,,,
2026-05-10,training,Stretching and Yoga,Happy. Happy. Happy.,2026-05-10_11-02-13_hk_1778403733.fit,201,2026-05-10T09:09:23.000Z,383.000,,129,,,,,,
2026-05-10,training,Stretching and Yoga,Happy. Happy. Happy.,2026-05-10_11-02-13_hk_1778403733.fit,202,2026-05-10T09:09:25.000Z,385.000,,128,,,,,,
2026-05-10,training,Stretching and Yoga,Happy. Happy. Happy.,2026-05-10_11-02-13_hk_1778403733.fit,203,2026-05-10T09:09:26.000Z,386.000,,128,,,,,,
2026-05-10,training,Stretching and Yoga,Happy. Happy. Happy.,2026-05-10_11-02-13_hk_1778403733.fit,204,2026-05-10T09:09:28.000Z,388.000,,128,,,,,,
2026-05-10,training,Stretching and Yoga,Happy. Happy. Happy.,2026-05-10_11-02-13_hk_1778403733.fit,205,2026-05-10T09:09:31.000Z,391.000,,126,,,,,,
2026-05-10,training,Stretching and Yoga,Happy. Happy. Happy.,2026-05-10_11-02-13_hk_1778403733.fit,206,2026-05-10T09:09:33.000Z,393.000,,126,,,,,,
2026-05-10,training,Stretching and Yoga,Happy. Happy. Happy.,2026-05-10_11-02-13_hk_1778403733.fit,207,2026-05-10T09:09:36.000Z,396.000,,126,,,,,,
2026-05-10,training,Stretching and Yoga,Happy. Happy. Happy.,2026-05-10_11-02-13_hk_1778403733.fit,208,2026-05-10T09:09:39.000Z,399.000,,126,,,,,,
2026-05-10,training,Stretching and Yoga,Happy. Happy. Happy.,2026-05-10_11-02-13_hk_1778403733.fit,209,2026-05-10T09:09:40.000Z,400.000,,127,,,,,,
2026-05-10,training,Stretching and Yoga,Happy. Happy. Happy.,2026-05-10_11-02-13_hk_1778403733.fit,210,2026-05-10T09:09:41.000Z,401.000,,127,,,,,,
2026-05-10,training,Stretching and Yoga,Happy. Happy. Happy.,2026-05-10_11-02-13_hk_1778403733.fit,211,2026-05-10T09:09:44.000Z,404.000,,127,,,,,,
2026-05-10,training,Stretching and Yoga,Happy. Happy. Happy.,2026-05-10_11-02-13_hk_1778403733.fit,212,2026-05-10T09:09:45.000Z,405.000,,134,,,,,,
2026-05-10,training,Stretching and Yoga,Happy. Happy. Happy.,2026-05-10_11-02-13_hk_1778403733.fit,213,2026-05-10T09:09:46.000Z,406.000,,134,,,,,,
2026-05-10,training,Stretching and Yoga,Happy. Happy. Happy.,2026-05-10_11-02-13_hk_1778403733.fit,214,2026-05-10T09:09:49.000Z,409.000,,134,,,,,,
2026-05-10,training,Stretching and Yoga,Happy. Happy. Happy.,2026-05-10_11-02-13_hk_1778403733.fit,215,2026-05-10T09:09:50.000Z,410.000,,133,,,,,,
2026-05-10,training,Stretching and Yoga,Happy. Happy. Happy.,2026-05-10_11-02-13_hk_1778403733.fit,216,2026-05-10T09:09:51.000Z,411.000,,133,,,,,,
2026-05-10,training,Stretching and Yoga,Happy. Happy. Happy.,2026-05-10_11-02-13_hk_1778403733.fit,217,2026-05-10T09:09:54.000Z,414.000,,133,,,,,,
2026-05-10,training,Stretching and Yoga,Happy. Happy. Happy.,2026-05-10_11-02-13_hk_1778403733.fit,218,2026-05-10T09:09:56.000Z,416.000,,133,,,,,,
2026-05-10,training,Stretching and Yoga,Happy. Happy. Happy.,2026-05-10_11-02-13_hk_1778403733.fit,219,2026-05-10T09:09:57.000Z,417.000,,136,,,,,,
2026-05-10,training,Stretching and Yoga,Happy. Happy. Happy.,2026-05-10_11-02-13_hk_1778403733.fit,220,2026-05-10T09:09:59.000Z,419.000,,136,,,,,,
2026-05-10,training,Stretching and Yoga,Happy. Happy. Happy.,2026-05-10_11-02-13_hk_1778403733.fit,221,2026-05-10T09:10:01.000Z,421.000,,136,,,,,,
2026-05-10,training,Stretching and Yoga,Happy. Happy. Happy.,2026-05-10_11-02-13_hk_1778403733.fit,222,2026-05-10T09:10:02.000Z,422.000,,136,,,,,,
2026-05-10,training,Stretching and Yoga,Happy. Happy. Happy.,2026-05-10_11-02-13_hk_1778403733.fit,223,2026-05-10T09:10:04.000Z,424.000,,136,,,,,,
2026-05-10,training,Stretching and Yoga,Happy. Happy. Happy.,2026-05-10_11-02-13_hk_1778403733.fit,224,2026-05-10T09:10:07.000Z,427.000,,136,,,,,,
2026-05-10,training,Stretching and Yoga,Happy. Happy. Happy.,2026-05-10_11-02-13_hk_1778403733.fit,225,2026-05-10T09:10:09.000Z,429.000,,127,,,,,,
2026-05-10,training,Stretching and Yoga,Happy. Happy. Happy.,2026-05-10_11-02-13_hk_1778403733.fit,226,2026-05-10T09:10:12.000Z,432.000,,127,,,,,,
2026-05-10,training,Stretching and Yoga,Happy. Happy. Happy.,2026-05-10_11-02-13_hk_1778403733.fit,227,2026-05-10T09:10:14.000Z,434.000,,127,,,,,,
2026-05-10,training,Stretching and Yoga,Happy. Happy. Happy.,2026-05-10_11-02-13_hk_1778403733.fit,228,2026-05-10T09:10:15.000Z,435.000,,123,,,,,,
2026-05-10,training,Stretching and Yoga,Happy. Happy. Happy.,2026-05-10_11-02-13_hk_1778403733.fit,229,2026-05-10T09:10:17.000Z,437.000,,123,,,,,,
2026-05-10,training,Stretching and Yoga,Happy. Happy. Happy.,2026-05-10_11-02-13_hk_1778403733.fit,230,2026-05-10T09:10:19.000Z,439.000,,124,,,,,,
2026-05-10,training,Stretching and Yoga,Happy. Happy. Happy.,2026-05-10_11-02-13_hk_1778403733.fit,231,2026-05-10T09:10:20.000Z,440.000,,124,,,,,,
2026-05-10,training,Stretching and Yoga,Happy. Happy. Happy.,2026-05-10_11-02-13_hk_1778403733.fit,232,2026-05-10T09:10:22.000Z,442.000,,125,,,,,,
2026-05-10,training,Stretching and Yoga,Happy. Happy. Happy.,2026-05-10_11-02-13_hk_1778403733.fit,233,2026-05-10T09:10:25.000Z,445.000,,125,,,,,,
2026-05-10,training,Stretching and Yoga,Happy. Happy. Happy.,2026-05-10_11-02-13_hk_1778403733.fit,234,2026-05-10T09:10:27.000Z,447.000,,125,,,,,,
2026-05-10,training,Stretching and Yoga,Happy. Happy. Happy.,2026-05-10_11-02-13_hk_1778403733.fit,235,2026-05-10T09:10:30.000Z,450.000,,131,,,,,,
2026-05-10,training,Stretching and Yoga,Happy. Happy. Happy.,2026-05-10_11-02-13_hk_1778403733.fit,236,2026-05-10T09:10:32.000Z,452.000,,131,,,,,,
2026-05-10,training,Stretching and Yoga,Happy. Happy. Happy.,2026-05-10_11-02-13_hk_1778403733.fit,237,2026-05-10T09:10:34.000Z,454.000,,130,,,,,,
2026-05-10,training,Stretching and Yoga,Happy. Happy. Happy.,2026-05-10_11-02-13_hk_1778403733.fit,238,2026-05-10T09:10:35.000Z,455.000,,130,,,,,,
2026-05-10,training,Stretching and Yoga,Happy. Happy. Happy.,2026-05-10_11-02-13_hk_1778403733.fit,239,2026-05-10T09:10:37.000Z,457.000,,130,,,,,,
2026-05-10,training,Stretching and Yoga,Happy. Happy. Happy.,2026-05-10_11-02-13_hk_1778403733.fit,240,2026-05-10T09:10:40.000Z,460.000,,135,,,,,,
2026-05-10,training,Stretching and Yoga,Happy. Happy. Happy.,2026-05-10_11-02-13_hk_1778403733.fit,241,2026-05-10T09:10:43.000Z,463.000,,136,,,,,,
2026-05-10,training,Stretching and Yoga,Happy. Happy. Happy.,2026-05-10_11-02-13_hk_1778403733.fit,242,2026-05-10T09:10:45.000Z,465.000,,136,,,,,,
2026-05-10,training,Stretching and Yoga,Happy. Happy. Happy.,2026-05-10_11-02-13_hk_1778403733.fit,243,2026-05-10T09:10:46.000Z,466.000,,136,,,,,,
2026-05-10,training,Stretching and Yoga,Happy. Happy. Happy.,2026-05-10_11-02-13_hk_1778403733.fit,244,2026-05-10T09:10:48.000Z,468.000,,136,,,,,,
2026-05-10,training,Stretching and Yoga,Happy. Happy. Happy.,2026-05-10_11-02-13_hk_1778403733.fit,245,2026-05-10T09:10:50.000Z,470.000,,136,,,,,,
2026-05-10,training,Stretching and Yoga,Happy. Happy. Happy.,2026-05-10_11-02-13_hk_1778403733.fit,246,2026-05-10T09:10:51.000Z,471.000,,134,,,,,,
2026-05-10,training,Stretching and Yoga,Happy. Happy. Happy.,2026-05-10_11-02-13_hk_1778403733.fit,247,2026-05-10T09:10:53.000Z,473.000,,134,,,,,,
2026-05-10,training,Stretching and Yoga,Happy. Happy. Happy.,2026-05-10_11-02-13_hk_1778403733.fit,248,2026-05-10T09:10:55.000Z,475.000,,134,,,,,,
2026-05-10,training,Stretching and Yoga,Happy. Happy. Happy.,2026-05-10_11-02-13_hk_1778403733.fit,249,2026-05-10T09:10:58.000Z,478.000,,134,,,,,,
2026-05-10,training,Stretching and Yoga,Happy. Happy. Happy.,2026-05-10_11-02-13_hk_1778403733.fit,250,2026-05-10T09:11:00.000Z,480.000,,130,,,,,,
2026-05-10,training,Stretching and Yoga,Happy. Happy. Happy.,2026-05-10_11-02-13_hk_1778403733.fit,251,2026-05-10T09:11:03.000Z,483.000,,132,,,,,,
2026-05-10,training,Stretching and Yoga,Happy. Happy. Happy.,2026-05-10_11-02-13_hk_1778403733.fit,252,2026-05-10T09:11:06.000Z,486.000,,132,,,,,,
2026-05-10,training,Stretching and Yoga,Happy. Happy. Happy.,2026-05-10_11-02-13_hk_1778403733.fit,253,2026-05-10T09:11:08.000Z,488.000,,132,,,,,,
2026-05-10,training,Stretching and Yoga,Happy. Happy. Happy.,2026-05-10_11-02-13_hk_1778403733.fit,254,2026-05-10T09:11:11.000Z,491.000,,131,,,,,,
2026-05-10,training,Stretching and Yoga,Happy. Happy. Happy.,2026-05-10_11-02-13_hk_1778403733.fit,255,2026-05-10T09:11:13.000Z,493.000,,131,,,,,,
2026-05-10,training,Stretching and Yoga,Happy. Happy. Happy.,2026-05-10_11-02-13_hk_1778403733.fit,256,2026-05-10T09:11:16.000Z,496.000,,134,,,,,,
2026-05-10,training,Stretching and Yoga,Happy. Happy. Happy.,2026-05-10_11-02-13_hk_1778403733.fit,257,2026-05-10T09:11:18.000Z,498.000,,134,,,,,,
2026-05-10,training,Stretching and Yoga,Happy. Happy. Happy.,2026-05-10_11-02-13_hk_1778403733.fit,258,2026-05-10T09:11:21.000Z,501.000,,134,,,,,,
2026-05-10,training,Stretching and Yoga,Happy. Happy. Happy.,2026-05-10_11-02-13_hk_1778403733.fit,259,2026-05-10T09:11:24.000Z,504.000,,134,,,,,,
2026-05-10,training,Stretching and Yoga,Happy. Happy. Happy.,2026-05-10_11-02-13_hk_1778403733.fit,260,2026-05-10T09:11:25.000Z,505.000,,139,,,,,,
2026-05-10,training,Stretching and Yoga,Happy. Happy. Happy.,2026-05-10_11-02-13_hk_1778403733.fit,261,2026-05-10T09:11:26.000Z,506.000,,139,,,,,,
2026-05-10,training,Stretching and Yoga,Happy. Happy. Happy.,2026-05-10_11-02-13_hk_1778403733.fit,262,2026-05-10T09:11:27.000Z,507.000,,141,,,,,,
2026-05-10,training,Stretching and Yoga,Happy. Happy. Happy.,2026-05-10_11-02-13_hk_1778403733.fit,263,2026-05-10T09:11:29.000Z,509.000,,141,,,,,,
2026-05-10,training,Stretching and Yoga,Happy. Happy. Happy.,2026-05-10_11-02-13_hk_1778403733.fit,264,2026-05-10T09:11:31.000Z,511.000,,141,,,,,,
2026-05-10,training,Stretching and Yoga,Happy. Happy. Happy.,2026-05-10_11-02-13_hk_1778403733.fit,265,2026-05-10T09:11:34.000Z,514.000,,141,,,,,,
2026-05-10,training,Stretching and Yoga,Happy. Happy. Happy.,2026-05-10_11-02-13_hk_1778403733.fit,266,2026-05-10T09:11:36.000Z,516.000,,141,,,,,,
2026-05-10,training,Stretching and Yoga,Happy. Happy. Happy.,2026-05-10_11-02-13_hk_1778403733.fit,267,2026-05-10T09:11:39.000Z,519.000,,141,,,,,,
2026-05-10,training,Stretching and Yoga,Happy. Happy. Happy.,2026-05-10_11-02-13_hk_1778403733.fit,268,2026-05-10T09:11:40.000Z,520.000,,142,,,,,,
2026-05-10,training,Stretching and Yoga,Happy. Happy. Happy.,2026-05-10_11-02-13_hk_1778403733.fit,269,2026-05-10T09:11:41.000Z,521.000,,142,,,,,,
2026-05-10,training,Stretching and Yoga,Happy. Happy. Happy.,2026-05-10_11-02-13_hk_1778403733.fit,270,2026-05-10T09:11:43.000Z,523.000,,145,,,,,,
2026-05-10,training,Stretching and Yoga,Happy. Happy. Happy.,2026-05-10_11-02-13_hk_1778403733.fit,271,2026-05-10T09:11:44.000Z,524.000,,145,,,,,,
2026-05-10,training,Stretching and Yoga,Happy. Happy. Happy.,2026-05-10_11-02-13_hk_1778403733.fit,272,2026-05-10T09:11:47.000Z,527.000,,147,,,,,,
2026-05-10,training,Stretching and Yoga,Happy. Happy. Happy.,2026-05-10_11-02-13_hk_1778403733.fit,273,2026-05-10T09:11:49.000Z,529.000,,147,,,,,,
2026-05-10,training,Stretching and Yoga,Happy. Happy. Happy.,2026-05-10_11-02-13_hk_1778403733.fit,274,2026-05-10T09:11:52.000Z,532.000,,147,,,,,,
2026-05-10,training,Stretching and Yoga,Happy. Happy. Happy.,2026-05-10_11-02-13_hk_1778403733.fit,275,2026-05-10T09:11:54.000Z,534.000,,147,,,,,,
2026-05-10,training,Stretching and Yoga,Happy. Happy. Happy.,2026-05-10_11-02-13_hk_1778403733.fit,276,2026-05-10T09:11:55.000Z,535.000,,146,,,,,,
2026-05-10,training,Stretching and Yoga,Happy. Happy. Happy.,2026-05-10_11-02-13_hk_1778403733.fit,277,2026-05-10T09:11:56.000Z,536.000,,146,,,,,,
2026-05-10,training,Stretching and Yoga,Happy. Happy. Happy.,2026-05-10_11-02-13_hk_1778403733.fit,278,2026-05-10T09:11:57.000Z,537.000,,146,,,,,,
2026-05-10,training,Stretching and Yoga,Happy. Happy. Happy.,2026-05-10_11-02-13_hk_1778403733.fit,279,2026-05-10T09:11:59.000Z,539.000,,146,,,,,,
2026-05-10,training,Stretching and Yoga,Happy. Happy. Happy.,2026-05-10_11-02-13_hk_1778403733.fit,280,2026-05-10T09:12:02.000Z,542.000,,146,,,,,,
2026-05-10,training,Stretching and Yoga,Happy. Happy. Happy.,2026-05-10_11-02-13_hk_1778403733.fit,281,2026-05-10T09:12:04.000Z,544.000,,145,,,,,,
2026-05-10,training,Stretching and Yoga,Happy. Happy. Happy.,2026-05-10_11-02-13_hk_1778403733.fit,282,2026-05-10T09:12:07.000Z,547.000,,145,,,,,,
2026-05-10,training,Stretching and Yoga,Happy. Happy. Happy.,2026-05-10_11-02-13_hk_1778403733.fit,283,2026-05-10T09:12:09.000Z,549.000,,144,,,,,,
2026-05-10,training,Stretching and Yoga,Happy. Happy. Happy.,2026-05-10_11-02-13_hk_1778403733.fit,284,2026-05-10T09:12:10.000Z,550.000,,144,,,,,,
2026-05-10,training,Stretching and Yoga,Happy. Happy. Happy.,2026-05-10_11-02-13_hk_1778403733.fit,285,2026-05-10T09:12:12.000Z,552.000,,144,,,,,,
2026-05-10,training,Stretching and Yoga,Happy. Happy. Happy.,2026-05-10_11-02-13_hk_1778403733.fit,286,2026-05-10T09:12:13.000Z,553.000,,143,,,,,,
2026-05-10,training,Stretching and Yoga,Happy. Happy. Happy.,2026-05-10_11-02-13_hk_1778403733.fit,287,2026-05-10T09:12:15.000Z,555.000,,143,,,,,,
2026-05-10,training,Stretching and Yoga,Happy. Happy. Happy.,2026-05-10_11-02-13_hk_1778403733.fit,288,2026-05-10T09:12:17.000Z,557.000,,143,,,,,,
2026-05-10,training,Stretching and Yoga,Happy. Happy. Happy.,2026-05-10_11-02-13_hk_1778403733.fit,289,2026-05-10T09:12:19.000Z,559.000,,138,,,,,,
2026-05-10,training,Stretching and Yoga,Happy. Happy. Happy.,2026-05-10_11-02-13_hk_1778403733.fit,290,2026-05-10T09:12:20.000Z,560.000,,138,,,,,,
2026-05-10,training,Stretching and Yoga,Happy. Happy. Happy.,2026-05-10_11-02-13_hk_1778403733.fit,291,2026-05-10T09:12:21.000Z,561.000,,137,,,,,,
2026-05-10,training,Stretching and Yoga,Happy. Happy. Happy.,2026-05-10_11-02-13_hk_1778403733.fit,292,2026-05-10T09:12:22.000Z,562.000,,137,,,,,,
2026-05-10,training,Stretching and Yoga,Happy. Happy. Happy.,2026-05-10_11-02-13_hk_1778403733.fit,293,2026-05-10T09:12:25.000Z,565.000,,137,,,,,,
2026-05-10,training,Stretching and Yoga,Happy. Happy. Happy.,2026-05-10_11-02-13_hk_1778403733.fit,294,2026-05-10T09:12:28.000Z,568.000,,137,,,,,,
2026-05-10,training,Stretching and Yoga,Happy. Happy. Happy.,2026-05-10_11-02-13_hk_1778403733.fit,295,2026-05-10T09:12:30.000Z,570.000,,113,,,,,,
2026-05-10,training,Stretching and Yoga,Happy. Happy. Happy.,2026-05-10_11-02-13_hk_1778403733.fit,296,2026-05-10T09:12:33.000Z,573.000,,113,,,,,,
2026-05-10,training,Stretching and Yoga,Happy. Happy. Happy.,2026-05-10_11-02-13_hk_1778403733.fit,297,2026-05-10T09:12:34.000Z,574.000,,110,,,,,,
2026-05-10,training,Stretching and Yoga,Happy. Happy. Happy.,2026-05-10_11-02-13_hk_1778403733.fit,298,2026-05-10T09:12:35.000Z,575.000,,110,,,,,,
2026-05-10,training,Stretching and Yoga,Happy. Happy. Happy.,2026-05-10_11-02-13_hk_1778403733.fit,299,2026-05-10T09:12:38.000Z,578.000,,110,,,,,,
2026-05-10,training,Stretching and Yoga,Happy. Happy. Happy.,2026-05-10_11-02-13_hk_1778403733.fit,300,2026-05-10T09:12:39.000Z,579.000,,107,,,,,,
2026-05-10,training,Stretching and Yoga,Happy. Happy. Happy.,2026-05-10_11-02-13_hk_1778403733.fit,301,2026-05-10T09:12:40.000Z,580.000,,107,,,,,,
2026-05-10,training,Stretching and Yoga,Happy. Happy. Happy.,2026-05-10_11-02-13_hk_1778403733.fit,302,2026-05-10T09:12:42.000Z,582.000,,107,,,,,,
2026-05-10,training,Stretching and Yoga,Happy. Happy. Happy.,2026-05-10_11-02-13_hk_1778403733.fit,303,2026-05-10T09:12:43.000Z,583.000,,107,,,,,,
2026-05-10,training,Stretching and Yoga,Happy. Happy. Happy.,2026-05-10_11-02-13_hk_1778403733.fit,304,2026-05-10T09:12:45.000Z,585.000,,107,,,,,,
2026-05-10,training,Stretching and Yoga,Happy. Happy. Happy.,2026-05-10_11-02-13_hk_1778403733.fit,305,2026-05-10T09:12:48.000Z,588.000,,110,,,,,,
2026-05-10,training,Stretching and Yoga,Happy. Happy. Happy.,2026-05-10_11-02-13_hk_1778403733.fit,306,2026-05-10T09:12:51.000Z,591.000,,110,,,,,,
2026-05-10,training,Stretching and Yoga,Happy. Happy. Happy.,2026-05-10_11-02-13_hk_1778403733.fit,307,2026-05-10T09:12:53.000Z,593.000,,110,,,,,,
2026-05-10,training,Stretching and Yoga,Happy. Happy. Happy.,2026-05-10_11-02-13_hk_1778403733.fit,308,2026-05-10T09:12:56.000Z,596.000,,110,,,,,,
2026-05-10,training,Stretching and Yoga,Happy. Happy. Happy.,2026-05-10_11-02-13_hk_1778403733.fit,309,2026-05-10T09:12:58.000Z,598.000,,110,,,,,,
2026-05-10,training,Stretching and Yoga,Happy. Happy. Happy.,2026-05-10_11-02-13_hk_1778403733.fit,310,2026-05-10T09:12:59.000Z,599.000,,110,,,,,,
2026-05-10,training,Stretching and Yoga,Happy. Happy. Happy.,2026-05-10_11-02-13_hk_1778403733.fit,311,2026-05-10T09:13:01.000Z,601.000,,110,,,,,,
2026-05-10,training,Stretching and Yoga,Happy. Happy. Happy.,2026-05-10_11-02-13_hk_1778403733.fit,312,2026-05-10T09:13:03.000Z,603.000,,110,,,,,,
2026-05-10,training,Stretching and Yoga,Happy. Happy. Happy.,2026-05-10_11-02-13_hk_1778403733.fit,313,2026-05-10T09:13:05.000Z,605.000,,107,,,,,,
2026-05-10,training,Stretching and Yoga,Happy. Happy. Happy.,2026-05-10_11-02-13_hk_1778403733.fit,314,2026-05-10T09:13:06.000Z,606.000,,107,,,,,,
2026-05-10,training,Stretching and Yoga,Happy. Happy. Happy.,2026-05-10_11-02-13_hk_1778403733.fit,315,2026-05-10T09:13:08.000Z,608.000,,109,,,,,,
2026-05-10,training,Stretching and Yoga,Happy. Happy. Happy.,2026-05-10_11-02-13_hk_1778403733.fit,316,2026-05-10T09:13:11.000Z,611.000,,109,,,,,,
2026-05-10,training,Stretching and Yoga,Happy. Happy. Happy.,2026-05-10_11-02-13_hk_1778403733.fit,317,2026-05-10T09:13:14.000Z,614.000,,109,,,,,,
2026-05-10,training,Stretching and Yoga,Happy. Happy. Happy.,2026-05-10_11-02-13_hk_1778403733.fit,318,2026-05-10T09:13:15.000Z,615.000,,104,,,,,,
2026-05-10,training,Stretching and Yoga,Happy. Happy. Happy.,2026-05-10_11-02-13_hk_1778403733.fit,319,2026-05-10T09:13:16.000Z,616.000,,104,,,,,,
2026-05-10,training,Stretching and Yoga,Happy. Happy. Happy.,2026-05-10_11-02-13_hk_1778403733.fit,320,2026-05-10T09:13:19.000Z,619.000,,107,,,,,,
2026-05-10,training,Stretching and Yoga,Happy. Happy. Happy.,2026-05-10_11-02-13_hk_1778403733.fit,321,2026-05-10T09:13:21.000Z,621.000,,109,,,,,,
2026-05-10,training,Stretching and Yoga,Happy. Happy. Happy.,2026-05-10_11-02-13_hk_1778403733.fit,322,2026-05-10T09:13:24.000Z,624.000,,109,,,,,,
2026-05-10,training,Stretching and Yoga,Happy. Happy. Happy.,2026-05-10_11-02-13_hk_1778403733.fit,323,2026-05-10T09:13:26.000Z,626.000,,110,,,,,,
2026-05-10,training,Stretching and Yoga,Happy. Happy. Happy.,2026-05-10_11-02-13_hk_1778403733.fit,324,2026-05-10T09:13:29.000Z,629.000,,110,,,,,,
2026-05-10,training,Stretching and Yoga,Happy. Happy. Happy.,2026-05-10_11-02-13_hk_1778403733.fit,325,2026-05-10T09:13:32.000Z,632.000,,110,,,,,,
2026-05-10,training,Stretching and Yoga,Happy. Happy. Happy.,2026-05-10_11-02-13_hk_1778403733.fit,326,2026-05-10T09:13:34.000Z,634.000,,114,,,,,,
2026-05-10,training,Stretching and Yoga,Happy. Happy. Happy.,2026-05-10_11-02-13_hk_1778403733.fit,327,2026-05-10T09:13:36.000Z,636.000,,116,,,,,,
2026-05-10,training,Stretching and Yoga,Happy. Happy. Happy.,2026-05-10_11-02-13_hk_1778403733.fit,328,2026-05-10T09:13:37.000Z,637.000,,116,,,,,,
2026-05-10,training,Stretching and Yoga,Happy. Happy. Happy.,2026-05-10_11-02-13_hk_1778403733.fit,329,2026-05-10T09:13:39.000Z,639.000,,116,,,,,,
2026-05-10,training,Stretching and Yoga,Happy. Happy. Happy.,2026-05-10_11-02-13_hk_1778403733.fit,330,2026-05-10T09:13:42.000Z,642.000,,116,,,,,,
2026-05-10,training,Stretching and Yoga,Happy. Happy. Happy.,2026-05-10_11-02-13_hk_1778403733.fit,331,2026-05-10T09:13:44.000Z,644.000,,116,,,,,,
2026-05-10,training,Stretching and Yoga,Happy. Happy. Happy.,2026-05-10_11-02-13_hk_1778403733.fit,332,2026-05-10T09:13:45.000Z,645.000,,122,,,,,,
2026-05-10,training,Stretching and Yoga,Happy. Happy. Happy.,2026-05-10_11-02-13_hk_1778403733.fit,333,2026-05-10T09:13:47.000Z,647.000,,122,,,,,,
2026-05-10,training,Stretching and Yoga,Happy. Happy. Happy.,2026-05-10_11-02-13_hk_1778403733.fit,334,2026-05-10T09:13:48.000Z,648.000,,122,,,,,,
2026-05-10,training,Stretching and Yoga,Happy. Happy. Happy.,2026-05-10_11-02-13_hk_1778403733.fit,335,2026-05-10T09:13:49.000Z,649.000,,122,,,,,,
2026-05-10,training,Stretching and Yoga,Happy. Happy. Happy.,2026-05-10_11-02-13_hk_1778403733.fit,336,2026-05-10T09:13:51.000Z,651.000,,119,,,,,,
2026-05-10,training,Stretching and Yoga,Happy. Happy. Happy.,2026-05-10_11-02-13_hk_1778403733.fit,337,2026-05-10T09:13:52.000Z,652.000,,119,,,,,,
2026-05-10,training,Stretching and Yoga,Happy. Happy. Happy.,2026-05-10_11-02-13_hk_1778403733.fit,338,2026-05-10T09:13:55.000Z,655.000,,119,,,,,,
2026-05-10,training,Stretching and Yoga,Happy. Happy. Happy.,2026-05-10_11-02-13_hk_1778403733.fit,339,2026-05-10T09:13:57.000Z,657.000,,119,,,,,,
2026-05-10,training,Stretching and Yoga,Happy. Happy. Happy.,2026-05-10_11-02-13_hk_1778403733.fit,340,2026-05-10T09:13:59.000Z,659.000,,124,,,,,,
2026-05-10,training,Stretching and Yoga,Happy. Happy. Happy.,2026-05-10_11-02-13_hk_1778403733.fit,341,2026-05-10T09:14:00.000Z,660.000,,124,,,,,,
2026-05-10,training,Stretching and Yoga,Happy. Happy. Happy.,2026-05-10_11-02-13_hk_1778403733.fit,342,2026-05-10T09:14:01.000Z,661.000,,123,,,,,,
2026-05-10,training,Stretching and Yoga,Happy. Happy. Happy.,2026-05-10_11-02-13_hk_1778403733.fit,343,2026-05-10T09:14:02.000Z,662.000,,123,,,,,,
2026-05-10,training,Stretching and Yoga,Happy. Happy. Happy.,2026-05-10_11-02-13_hk_1778403733.fit,344,2026-05-10T09:14:05.000Z,665.000,,123,,,,,,
2026-05-10,training,Stretching and Yoga,Happy. Happy. Happy.,2026-05-10_11-02-13_hk_1778403733.fit,345,2026-05-10T09:14:07.000Z,667.000,,119,,,,,,
2026-05-10,training,Stretching and Yoga,Happy. Happy. Happy.,2026-05-10_11-02-13_hk_1778403733.fit,346,2026-05-10T09:14:10.000Z,670.000,,119,,,,,,
2026-05-10,training,Stretching and Yoga,Happy. Happy. Happy.,2026-05-10_11-02-13_hk_1778403733.fit,347,2026-05-10T09:14:12.000Z,672.000,,119,,,,,,
2026-05-10,training,Stretching and Yoga,Happy. Happy. Happy.,2026-05-10_11-02-13_hk_1778403733.fit,348,2026-05-10T09:14:15.000Z,675.000,,119,,,,,,
2026-05-10,training,Stretching and Yoga,Happy. Happy. Happy.,2026-05-10_11-02-13_hk_1778403733.fit,349,2026-05-10T09:14:18.000Z,678.000,,119,,,,,,
2026-05-10,training,Stretching and Yoga,Happy. Happy. Happy.,2026-05-10_11-02-13_hk_1778403733.fit,350,2026-05-10T09:14:20.000Z,680.000,,119,,,,,,
2026-05-10,training,Stretching and Yoga,Happy. Happy. Happy.,2026-05-10_11-02-13_hk_1778403733.fit,351,2026-05-10T09:14:23.000Z,683.000,,119,,,,,,
2026-05-10,training,Stretching and Yoga,Happy. Happy. Happy.,2026-05-10_11-02-13_hk_1778403733.fit,352,2026-05-10T09:14:25.000Z,685.000,,120,,,,,,
2026-05-10,training,Stretching and Yoga,Happy. Happy. Happy.,2026-05-10_11-02-13_hk_1778403733.fit,353,2026-05-10T09:14:28.000Z,688.000,,120,,,,,,
2026-05-10,training,Stretching and Yoga,Happy. Happy. Happy.,2026-05-10_11-02-13_hk_1778403733.fit,354,2026-05-10T09:14:30.000Z,690.000,,117,,,,,,
2026-05-10,training,Stretching and Yoga,Happy. Happy. Happy.,2026-05-10_11-02-13_hk_1778403733.fit,355,2026-05-10T09:14:32.000Z,692.000,,115,,,,,,
2026-05-10,training,Stretching and Yoga,Happy. Happy. Happy.,2026-05-10_11-02-13_hk_1778403733.fit,356,2026-05-10T09:14:33.000Z,693.000,,115,,,,,,
2026-05-10,training,Stretching and Yoga,Happy. Happy. Happy.,2026-05-10_11-02-13_hk_1778403733.fit,357,2026-05-10T09:14:36.000Z,696.000,,115,,,,,,
2026-05-10,training,Stretching and Yoga,Happy. Happy. Happy.,2026-05-10_11-02-13_hk_1778403733.fit,358,2026-05-10T09:14:38.000Z,698.000,,115,,,,,,
2026-05-10,training,Stretching and Yoga,Happy. Happy. Happy.,2026-05-10_11-02-13_hk_1778403733.fit,359,2026-05-10T09:14:39.000Z,699.000,,115,,,,,,
2026-05-10,training,Stretching and Yoga,Happy. Happy. Happy.,2026-05-10_11-02-13_hk_1778403733.fit,360,2026-05-10T09:14:41.000Z,701.000,,114,,,,,,
2026-05-10,training,Stretching and Yoga,Happy. Happy. Happy.,2026-05-10_11-02-13_hk_1778403733.fit,361,2026-05-10T09:14:43.000Z,703.000,,114,,,,,,
2026-05-10,training,Stretching and Yoga,Happy. Happy. Happy.,2026-05-10_11-02-13_hk_1778403733.fit,362,2026-05-10T09:14:46.000Z,706.000,,111,,,,,,
2026-05-10,training,Stretching and Yoga,Happy. Happy. Happy.,2026-05-10_11-02-13_hk_1778403733.fit,363,2026-05-10T09:14:48.000Z,708.000,,111,,,,,,
2026-05-10,training,Stretching and Yoga,Happy. Happy. Happy.,2026-05-10_11-02-13_hk_1778403733.fit,364,2026-05-10T09:14:51.000Z,711.000,,111,,,,,,
2026-05-10,training,Stretching and Yoga,Happy. Happy. Happy.,2026-05-10_11-02-13_hk_1778403733.fit,365,2026-05-10T09:14:53.000Z,713.000,,111,,,,,,
2026-05-10,training,Stretching and Yoga,Happy. Happy. Happy.,2026-05-10_11-02-13_hk_1778403733.fit,366,2026-05-10T09:14:55.000Z,715.000,,112,,,,,,
2026-05-10,training,Stretching and Yoga,Happy. Happy. Happy.,2026-05-10_11-02-13_hk_1778403733.fit,367,2026-05-10T09:14:56.000Z,716.000,,112,,,,,,
2026-05-10,training,Stretching and Yoga,Happy. Happy. Happy.,2026-05-10_11-02-13_hk_1778403733.fit,368,2026-05-10T09:14:57.000Z,717.000,,112,,,,,,
2026-05-10,training,Stretching and Yoga,Happy. Happy. Happy.,2026-05-10_11-02-13_hk_1778403733.fit,369,2026-05-10T09:14:59.000Z,719.000,,112,,,,,,
2026-05-10,training,Stretching and Yoga,Happy. Happy. Happy.,2026-05-10_11-02-13_hk_1778403733.fit,370,2026-05-10T09:15:01.000Z,721.000,,112,,,,,,
2026-05-10,training,Stretching and Yoga,Happy. Happy. Happy.,2026-05-10_11-02-13_hk_1778403733.fit,371,2026-05-10T09:15:04.000Z,724.000,,112,,,,,,
2026-05-10,training,Stretching and Yoga,Happy. Happy. Happy.,2026-05-10_11-02-13_hk_1778403733.fit,372,2026-05-10T09:15:05.000Z,725.000,,107,,,,,,
2026-05-10,training,Stretching and Yoga,Happy. Happy. Happy.,2026-05-10_11-02-13_hk_1778403733.fit,373,2026-05-10T09:15:06.000Z,726.000,,108,,,,,,
2026-05-10,training,Stretching and Yoga,Happy. Happy. Happy.,2026-05-10_11-02-13_hk_1778403733.fit,374,2026-05-10T09:15:09.000Z,729.000,,108,,,,,,
2026-05-10,training,Stretching and Yoga,Happy. Happy. Happy.,2026-05-10_11-02-13_hk_1778403733.fit,375,2026-05-10T09:15:11.000Z,731.000,,113,,,,,,
2026-05-10,training,Stretching and Yoga,Happy. Happy. Happy.,2026-05-10_11-02-13_hk_1778403733.fit,376,2026-05-10T09:15:14.000Z,734.000,,113,,,,,,
2026-05-10,training,Stretching and Yoga,Happy. Happy. Happy.,2026-05-10_11-02-13_hk_1778403733.fit,377,2026-05-10T09:15:16.000Z,736.000,,118,,,,,,
2026-05-10,training,Stretching and Yoga,Happy. Happy. Happy.,2026-05-10_11-02-13_hk_1778403733.fit,378,2026-05-10T09:15:19.000Z,739.000,,118,,,,,,
2026-05-10,training,Stretching and Yoga,Happy. Happy. Happy.,2026-05-10_11-02-13_hk_1778403733.fit,379,2026-05-10T09:15:21.000Z,741.000,,119,,,,,,
2026-05-10,training,Stretching and Yoga,Happy. Happy. Happy.,2026-05-10_11-02-13_hk_1778403733.fit,380,2026-05-10T09:15:22.000Z,742.000,,119,,,,,,
2026-05-10,training,Stretching and Yoga,Happy. Happy. Happy.,2026-05-10_11-02-13_hk_1778403733.fit,381,2026-05-10T09:15:24.000Z,744.000,,119,,,,,,
2026-05-10,training,Stretching and Yoga,Happy. Happy. Happy.,2026-05-10_11-02-13_hk_1778403733.fit,382,2026-05-10T09:15:27.000Z,747.000,,119,,,,,,
2026-05-10,training,Stretching and Yoga,Happy. Happy. Happy.,2026-05-10_11-02-13_hk_1778403733.fit,383,2026-05-10T09:15:29.000Z,749.000,,119,,,,,,
2026-05-10,training,Stretching and Yoga,Happy. Happy. Happy.,2026-05-10_11-02-13_hk_1778403733.fit,384,2026-05-10T09:15:30.000Z,750.000,,117,,,,,,
2026-05-10,training,Stretching and Yoga,Happy. Happy. Happy.,2026-05-10_11-02-13_hk_1778403733.fit,385,2026-05-10T09:15:31.000Z,751.000,,118,,,,,,
2026-05-10,training,Stretching and Yoga,Happy. Happy. Happy.,2026-05-10_11-02-13_hk_1778403733.fit,386,2026-05-10T09:15:32.000Z,752.000,,118,,,,,,
2026-05-10,training,Stretching and Yoga,Happy. Happy. Happy.,2026-05-10_11-02-13_hk_1778403733.fit,387,2026-05-10T09:15:34.000Z,754.000,,118,,,,,,
2026-05-10,training,Stretching and Yoga,Happy. Happy. Happy.,2026-05-10_11-02-13_hk_1778403733.fit,388,2026-05-10T09:15:36.000Z,756.000,,120,,,,,,
2026-05-10,training,Stretching and Yoga,Happy. Happy. Happy.,2026-05-10_11-02-13_hk_1778403733.fit,389,2026-05-10T09:15:37.000Z,757.000,,120,,,,,,
2026-05-10,training,Stretching and Yoga,Happy. Happy. Happy.,2026-05-10_11-02-13_hk_1778403733.fit,390,2026-05-10T09:15:40.000Z,760.000,,120,,,,,,
2026-05-10,training,Stretching and Yoga,Happy. Happy. Happy.,2026-05-10_11-02-13_hk_1778403733.fit,391,2026-05-10T09:15:42.000Z,762.000,,123,,,,,,
2026-05-10,training,Stretching and Yoga,Happy. Happy. Happy.,2026-05-10_11-02-13_hk_1778403733.fit,392,2026-05-10T09:15:45.000Z,765.000,,123,,,,,,
2026-05-10,training,Stretching and Yoga,Happy. Happy. Happy.,2026-05-10_11-02-13_hk_1778403733.fit,393,2026-05-10T09:15:47.000Z,767.000,,123,,,,,,
2026-05-10,training,Stretching and Yoga,Happy. Happy. Happy.,2026-05-10_11-02-13_hk_1778403733.fit,394,2026-05-10T09:15:50.000Z,770.000,,123,,,,,,
2026-05-10,training,Stretching and Yoga,Happy. Happy. Happy.,2026-05-10_11-02-13_hk_1778403733.fit,395,2026-05-10T09:15:52.000Z,772.000,,123,,,,,,
2026-05-10,training,Stretching and Yoga,Happy. Happy. Happy.,2026-05-10_11-02-13_hk_1778403733.fit,396,2026-05-10T09:15:55.000Z,775.000,,123,,,,,,
2026-05-10,training,Stretching and Yoga,Happy. Happy. Happy.,2026-05-10_11-02-13_hk_1778403733.fit,397,2026-05-10T09:15:57.000Z,777.000,,123,,,,,,
2026-05-10,training,Stretching and Yoga,Happy. Happy. Happy.,2026-05-10_11-02-13_hk_1778403733.fit,398,2026-05-10T09:16:00.000Z,780.000,,123,,,,,,
2026-05-10,training,Stretching and Yoga,Happy. Happy. Happy.,2026-05-10_11-02-13_hk_1778403733.fit,399,2026-05-10T09:16:03.000Z,783.000,,123,,,,,,
2026-05-10,training,Stretching and Yoga,Happy. Happy. Happy.,2026-05-10_11-02-13_hk_1778403733.fit,400,2026-05-10T09:16:05.000Z,785.000,,123,,,,,,
2026-05-10,training,Stretching and Yoga,Happy. Happy. Happy.,2026-05-10_11-02-13_hk_1778403733.fit,401,2026-05-10T09:16:08.000Z,788.000,,123,,,,,,
2026-05-10,training,Stretching and Yoga,Happy. Happy. Happy.,2026-05-10_11-02-13_hk_1778403733.fit,402,2026-05-10T09:16:10.000Z,790.000,,123,,,,,,
2026-05-10,training,Stretching and Yoga,Happy. Happy. Happy.,2026-05-10_11-02-13_hk_1778403733.fit,403,2026-05-10T09:16:13.000Z,793.000,,123,,,,,,
2026-05-10,training,Stretching and Yoga,Happy. Happy. Happy.,2026-05-10_11-02-13_hk_1778403733.fit,404,2026-05-10T09:16:15.000Z,795.000,,123,,,,,,
2026-05-10,training,Stretching and Yoga,Happy. Happy. Happy.,2026-05-10_11-02-13_hk_1778403733.fit,405,2026-05-10T09:16:18.000Z,798.000,,123,,,,,,
2026-05-10,training,Stretching and Yoga,Happy. Happy. Happy.,2026-05-10_11-02-13_hk_1778403733.fit,406,2026-05-10T09:16:20.000Z,800.000,,99,,,,,,
2026-05-10,training,Stretching and Yoga,Happy. Happy. Happy.,2026-05-10_11-02-13_hk_1778403733.fit,407,2026-05-10T09:16:23.000Z,803.000,,99,,,,,,
2026-05-10,training,Stretching and Yoga,Happy. Happy. Happy.,2026-05-10_11-02-13_hk_1778403733.fit,408,2026-05-10T09:16:25.000Z,805.000,,98,,,,,,
2026-05-10,training,Stretching and Yoga,Happy. Happy. Happy.,2026-05-10_11-02-13_hk_1778403733.fit,409,2026-05-10T09:16:26.000Z,806.000,,97,,,,,,
2026-05-10,training,Stretching and Yoga,Happy. Happy. Happy.,2026-05-10_11-02-13_hk_1778403733.fit,410,2026-05-10T09:16:28.000Z,808.000,,97,,,,,,
2026-05-10,training,Stretching and Yoga,Happy. Happy. Happy.,2026-05-10_11-02-13_hk_1778403733.fit,411,2026-05-10T09:16:31.000Z,811.000,,97,,,,,,
2026-05-10,training,Stretching and Yoga,Happy. Happy. Happy.,2026-05-10_11-02-13_hk_1778403733.fit,412,2026-05-10T09:16:32.000Z,812.000,,96,,,,,,
2026-05-10,training,Stretching and Yoga,Happy. Happy. Happy.,2026-05-10_11-02-13_hk_1778403733.fit,413,2026-05-10T09:16:33.000Z,813.000,,96,,,,,,
2026-05-10,training,Stretching and Yoga,Happy. Happy. Happy.,2026-05-10_11-02-13_hk_1778403733.fit,414,2026-05-10T09:16:36.000Z,816.000,,97,,,,,,
2026-05-10,training,Stretching and Yoga,Happy. Happy. Happy.,2026-05-10_11-02-13_hk_1778403733.fit,415,2026-05-10T09:16:38.000Z,818.000,,97,,,,,,
2026-05-10,training,Stretching and Yoga,Happy. Happy. Happy.,2026-05-10_11-02-13_hk_1778403733.fit,416,2026-05-10T09:16:41.000Z,821.000,,100,,,,,,
2026-05-10,training,Stretching and Yoga,Happy. Happy. Happy.,2026-05-10_11-02-13_hk_1778403733.fit,417,2026-05-10T09:16:44.000Z,824.000,,100,,,,,,
2026-05-10,training,Stretching and Yoga,Happy. Happy. Happy.,2026-05-10_11-02-13_hk_1778403733.fit,418,2026-05-10T09:16:46.000Z,826.000,,100,,,,,,
2026-05-10,training,Stretching and Yoga,Happy. Happy. Happy.,2026-05-10_11-02-13_hk_1778403733.fit,419,2026-05-10T09:16:49.000Z,829.000,,100,,,,,,
2026-05-10,training,Stretching and Yoga,Happy. Happy. Happy.,2026-05-10_11-02-13_hk_1778403733.fit,420,2026-05-10T09:16:50.000Z,830.000,,92,,,,,,
2026-05-10,training,Stretching and Yoga,Happy. Happy. Happy.,2026-05-10_11-02-13_hk_1778403733.fit,421,2026-05-10T09:16:51.000Z,831.000,,92,,,,,,
2026-05-10,training,Stretching and Yoga,Happy. Happy. Happy.,2026-05-10_11-02-13_hk_1778403733.fit,422,2026-05-10T09:16:52.000Z,832.000,,93,,,,,,
2026-05-10,training,Stretching and Yoga,Happy. Happy. Happy.,2026-05-10_11-02-13_hk_1778403733.fit,423,2026-05-10T09:16:54.000Z,834.000,,93,,,,,,
2026-05-10,training,Stretching and Yoga,Happy. Happy. Happy.,2026-05-10_11-02-13_hk_1778403733.fit,424,2026-05-10T09:16:56.000Z,836.000,,97,,,,,,
2026-05-10,training,Stretching and Yoga,Happy. Happy. Happy.,2026-05-10_11-02-13_hk_1778403733.fit,425,2026-05-10T09:16:59.000Z,839.000,,97,,,,,,
2026-05-10,training,Stretching and Yoga,Happy. Happy. Happy.,2026-05-10_11-02-13_hk_1778403733.fit,426,2026-05-10T09:17:01.000Z,841.000,,103,,,,,,
2026-05-10,training,Stretching and Yoga,Happy. Happy. Happy.,2026-05-10_11-02-13_hk_1778403733.fit,427,2026-05-10T09:17:04.000Z,844.000,,103,,,,,,
2026-05-10,training,Stretching and Yoga,Happy. Happy. Happy.,2026-05-10_11-02-13_hk_1778403733.fit,428,2026-05-10T09:17:07.000Z,847.000,,103,,,,,,
2026-05-10,training,Stretching and Yoga,Happy. Happy. Happy.,2026-05-10_11-02-13_hk_1778403733.fit,429,2026-05-10T09:17:09.000Z,849.000,,104,,,,,,
2026-05-10,training,Stretching and Yoga,Happy. Happy. Happy.,2026-05-10_11-02-13_hk_1778403733.fit,430,2026-05-10T09:17:12.000Z,852.000,,104,,,,,,
2026-05-10,training,Stretching and Yoga,Happy. Happy. Happy.,2026-05-10_11-02-13_hk_1778403733.fit,431,2026-05-10T09:17:14.000Z,854.000,,104,,,,,,
2026-05-10,training,Stretching and Yoga,Happy. Happy. Happy.,2026-05-10_11-02-13_hk_1778403733.fit,432,2026-05-10T09:17:15.000Z,855.000,,97,,,,,,
2026-05-10,training,Stretching and Yoga,Happy. Happy. Happy.,2026-05-10_11-02-13_hk_1778403733.fit,433,2026-05-10T09:17:17.000Z,857.000,,97,,,,,,
2026-05-10,training,Stretching and Yoga,Happy. Happy. Happy.,2026-05-10_11-02-13_hk_1778403733.fit,434,2026-05-10T09:17:19.000Z,859.000,,98,,,,,,
2026-05-10,training,Stretching and Yoga,Happy. Happy. Happy.,2026-05-10_11-02-13_hk_1778403733.fit,435,2026-05-10T09:17:22.000Z,862.000,,98,,,,,,
2026-05-10,training,Stretching and Yoga,Happy. Happy. Happy.,2026-05-10_11-02-13_hk_1778403733.fit,436,2026-05-10T09:17:24.000Z,864.000,,98,,,,,,
2026-05-10,training,Stretching and Yoga,Happy. Happy. Happy.,2026-05-10_11-02-13_hk_1778403733.fit,437,2026-05-10T09:17:25.000Z,865.000,,102,,,,,,
2026-05-10,training,Stretching and Yoga,Happy. Happy. Happy.,2026-05-10_11-02-13_hk_1778403733.fit,438,2026-05-10T09:17:27.000Z,867.000,,102,,,,,,
2026-05-10,training,Stretching and Yoga,Happy. Happy. Happy.,2026-05-10_11-02-13_hk_1778403733.fit,439,2026-05-10T09:17:30.000Z,870.000,,95,,,,,,
2026-05-10,training,Stretching and Yoga,Happy. Happy. Happy.,2026-05-10_11-02-13_hk_1778403733.fit,440,2026-05-10T09:17:32.000Z,872.000,,95,,,,,,
2026-05-10,training,Stretching and Yoga,Happy. Happy. Happy.,2026-05-10_11-02-13_hk_1778403733.fit,441,2026-05-10T09:17:34.000Z,874.000,,93,,,,,,
2026-05-10,training,Stretching and Yoga,Happy. Happy. Happy.,2026-05-10_11-02-13_hk_1778403733.fit,442,2026-05-10T09:17:35.000Z,875.000,,93,,,,,,
2026-05-10,training,Stretching and Yoga,Happy. Happy. Happy.,2026-05-10_11-02-13_hk_1778403733.fit,443,2026-05-10T09:17:37.000Z,877.000,,93,,,,,,
2026-05-10,training,Stretching and Yoga,Happy. Happy. Happy.,2026-05-10_11-02-13_hk_1778403733.fit,444,2026-05-10T09:17:40.000Z,880.000,,93,,,,,,
2026-05-10,training,Stretching and Yoga,Happy. Happy. Happy.,2026-05-10_11-02-13_hk_1778403733.fit,445,2026-05-10T09:17:41.000Z,881.000,,94,,,,,,
2026-05-10,training,Stretching and Yoga,Happy. Happy. Happy.,2026-05-10_11-02-13_hk_1778403733.fit,446,2026-05-10T09:17:42.000Z,882.000,,94,,,,,,
2026-05-10,training,Stretching and Yoga,Happy. Happy. Happy.,2026-05-10_11-02-13_hk_1778403733.fit,447,2026-05-10T09:17:45.000Z,885.000,,94,,,,,,
2026-05-10,training,Stretching and Yoga,Happy. Happy. Happy.,2026-05-10_11-02-13_hk_1778403733.fit,448,2026-05-10T09:17:46.000Z,886.000,,101,,,,,,
2026-05-10,training,Stretching and Yoga,Happy. Happy. Happy.,2026-05-10_11-02-13_hk_1778403733.fit,449,2026-05-10T09:17:48.000Z,888.000,,101,,,,,,
2026-05-10,training,Stretching and Yoga,Happy. Happy. Happy.,2026-05-10_11-02-13_hk_1778403733.fit,450,2026-05-10T09:17:50.000Z,890.000,,101,,,,,,
2026-05-10,training,Stretching and Yoga,Happy. Happy. Happy.,2026-05-10_11-02-13_hk_1778403733.fit,451,2026-05-10T09:17:51.000Z,891.000,,105,,,,,,
2026-05-10,training,Stretching and Yoga,Happy. Happy. Happy.,2026-05-10_11-02-13_hk_1778403733.fit,452,2026-05-10T09:17:53.000Z,893.000,,105,,,,,,
2026-05-10,training,Stretching and Yoga,Happy. Happy. Happy.,2026-05-10_11-02-13_hk_1778403733.fit,453,2026-05-10T09:17:55.000Z,895.000,,105,,,,,,